,,,,,,,,,,,,,,,,,,,,,,,,
,,,,,,,,,,,,,,,,,,,,,,,,
,VV Nr. 1,,,,,VV Nr. 2,,,,,VV Nr. 3,,,,,VV Nr. 4,,,,,VV Nr. 5,,,
,,,,,,,,,,,,,,,,,,,,,,,,
,,Monitor,,,,,Coca Cola,,,,,Bird House (green),,,,,Billiard Ball 8,,,,,Pepsi,,
,,,,,,,,,,,,,,,,,,,,,,,,
,,Pris,Droppede senere i Bandehusene,,,,Pris,Der droppede ingen disse heads ,,,,Pris,Sælgers pris,,,,Pris,Sælgers pris,,,,Pris,Sælgers pris,
,,,,,,,,første gang det var i VV.,,,,,,,,,,,,,,,,
,,Dice (gold),,,,,Fries,,,,,Chess Board,,,,,Present (black),,,,,Top Hat,,
,,,,,,,,,,,,,,,,,,,,,,,,
,,Pris,Der droppede ingen dice heads ,,,,Pris,Sælgers pris,,,,Pris,Sælgers pris,,,,Pris,Der droppede ingen disse heads ,,,,Pris,Der droppede ingen disse heads ,
,,,første gang det var i VV.,,,,,,,,,,,,,,,første gang det var i VV.,,,,,første gang det var i VV.,
,,Denmark,,,,,Fried Chicken,,,,,Toilet Paper,,,,,Books,,,,,Bedrock Diamond Ore,,
,,,,,,,,,,,,,,,,,,,,,,,,
,,Pris,Droppede senere i Bandehus,,,,Pris,Der droppede ingen disse heads ,,,,Pris,Der droppede ingen disse heads ,,,,Pris,Der droppede ingen disse heads ,,,,Pris,Der droppede ingen disse heads ,
,,,,,,,,første gang det var i VV.,,,,,første gang det var i VV.,,,,,første gang det var i VV.,,,,,første gang det var i VV.,
,,Money Bag,,,,,Burger,,,,,Exit sign,,,,,Candle (lilac),,,,,TNT (purple),,
,,,,,,,,,,,,,,,,,,,,,,,,
,,Pris,Drop senere i bandehusene,,,,Pris,Sælgers pris,,,,Pris,Der droppede ingen disse heads ,,,,Pris,Der droppede ingen disse heads ,,,,Pris,Sælgers pris,
,,,,,,,,,,,,,første gang det var i VV.,,,,,første gang det var i VV.,,,,,,
,,,,,,,Fanta,,,,,Aquarium,,,,,Potted Cactus,,,,,Dragon Egg,,
,,,,,,,,,,,,,,,,,,,,,,,,
,,,,,,,Pris,Der droppede ingen disse heads ,,,,Pris,Der droppede ingen disse heads ,,,,Pris,Sælgers pris,,,,Pris,Der droppede ingen disse heads ,
,,,,,,,,første gang det var i VV.,,,,,første gang det var i VV.,,,,,,,,,,første gang det var i VV.,
,,,,,,,,,,,,,,,,,,,,,,,,
,,,,,,,,,,,,,,,,,,,,,,,,
,VV Nr. 6,,,,,VV Nr. 7,,,,,VV Nr. 8,,,,,VV Nr. 9,,,,,VV Nr. 10,,,
,,,,,,,,,,,,,,,,,,,,,,,,
,,Opened Melon,,,,,Bread,,,,,Netflix,,,,,Jack O'Lantern,,,,,Snowman,,
,,,,,,,,,,,,,,,,,,,,,,,,
,,Pris,Sælgers pris ,,,,Pris,Min. Dbs,Max. Dbs,,,Pris,Sælgers pris,,,,Pris,Sælgers pris,,,,Pris,Sælgers pris,
,,,,,,,,12 stacks,15 stacks,,,,,,,,,,,,,,,
,,Mob Spawner,,,,,Rubiks Cube,,,,,Lucky Block (yellow),,,,,Pizza Pile,,,,,Present (red),,
,,,,,,,,,,,,,,,,,,,,,,,,
,,Pris,Sælgers pris,,,,Pris,Sælgers pris,,,,Pris,Min. Dbs.,Min. Dbs.,,,Pris,Sælgers pris,,,,Pris,Sælgers pris,
,,,,,,,,,,,,,30 Stacks ,40 Stacks,,,,,,,,,,
,,Lucky Block (yellow),,,,,Night King,,,,,Oak Wood F,,,,,Alarm Clock,,,,,Snowglobe,,
,,,,,,,,,,,,,,,,,,,,,,,,
,,Pris,Der droppede ingen disse heads ,,,,Pris,Sælgers pris,,,,Pris,Der droppede ingen disse heads ,,,,Pris,Sælgers pris,,,,Pris,Sælgers pris,
,,,første gang det var i VV.,,,,,,,,,,første gang det var i VV.,,,,,,,,,,,
,,Enchantment Table,,,,,Cheese,,,,,Oak Wood V,,,,,Sandwich,,,,,Snowman,,
,,,,,,,,,,,,,,,,,,,,,,,,
,,Pris,Der droppede ingen disse heads ,,,,Pris,Min. Dbs,Max. Dbs,,,Pris,Min. Dbs,Max. Dbs,,,Pris,Droppede senere i Bandeområde,,,,Pris,Min. Dbs,Max. Dbs
,,,første gang det var i VV.,,,,,7 Stacks ,10 Stacks,,,,20 Stacks ,25 Stacks,,,,,,,,,12 Stacks,15 Stacks
,,Missing Texture,,,,,Multi Ore,,,,,Creeper Head,,,,,Jack O'Lantern,,,,,Birthday Cake (blue),,
,,,,,,,,,,,,,,,,,,,,,,,,
,,Pris,Der droppede ingen disse heads ,,,,Pris,Droppede senere i Bandeområde,,,,Pris,Sælgers pris,,,,Pris,Sælgers pris,,,,Pris,Min. Dbs,Max. Dbs
,,,første gang det var i VV.,,,,,,,,,,,,,,,,,,,,25 Stacks ,30 Stacks
,,,,,,,,,,,,,,,,,,,,,,,,
,,,,,,,,,,,,,,,,,,,,,,,,
,VV Nr. 11,,,,,VV Nr. 12,,,,,VV Nr. 13,,,,,VV Nr. 14,,,,,VV Nr. 15,,,
,,,,,,,,,,,,,,,,,,,,,,,,
,,Toaster (red),,,,,Chocolate Strawberry,,,,,Cookie Jar,,,,,First-Aid Kit,,,,,Grass Block (alpha),,
,,,,,,,,,,,,,,,,,,,,,,,,
,,Pris,Min. Dbs,Max. Dbs,,,Pris,Sælgers pris ,,,,Pris,Min. Dbs,Max. Dbs,,,Pris,Min. Dbs,Max. Dbs,,,Pris,Min. Dbs,Max. Dbs
,,,24 Stacks ,25 Stacks,,,,,,,,,17 Stacks ,19 Stacks,,,,12 stacks,15 stacks,,,,16 Stacks ,18 Stacks
,,Red Mushroom,,,,,Sprite,,,,,Information,,,,,Sapphire Ore,,,,,Burning Furnace,,
,,,,,,,,,,,,,,,,,,,,,,,,
,,Pris,Min. Dbs,Max. Dbs,,,Pris,Min. Dbs,Max. Dbs,,,Pris,Droppede senere i A+ bo,,,,Pris,Min. Dbs,Max. Dbs,,,Pris,Sælgers pris,
,,,15 Stacks ,20 Stacks,,,,9 Stacks ,12 Stacks,,,,,,,,,14 stacks,16 stacks,,,,,
,,Melon Face,,,,,Globe,,,,,Honey,,,,,Cat,,,,,Ancient Books,,
,,,,,,,,,,,,,,,,,,,,,,,,
,,Pris,Min. Dbs,Max. Dbs,,,Pris,Min. Dbs,Max. Dbs,,,Pris,Min. Dbs,Max. Dbs,,,Pris,Sælgers pris,,,,Pris,Min. Dbs,Max. Dbs
,,,6 Stacks ,8 Stacks,,,,30 stacks ,36 stacks ,,,,18 Stacks ,20 Stacks,,,,,,,,,15 Stacks ,16 Stacks
,,Bush With Red Flowers,,,,,Babby Sheep (teal),,,,,Beer Barrel,,,,,Ender Pearl,,,,,Brown Dog,,
,,,,,,,,,,,,,,,,,,,,,,,,
,,Pris,Min. Dbs,Max. Dbs,,,Pris,Min. Dbs,Max. Dbs,,,Pris,Min. Dbs,Max. Dbs,,,Pris,Min. Dbs,Max. Dbs,,,Pris,Sælgers pris,
,,,22 stacks,25 stacks,,,,17 stacks ,19 stacks ,,,,15 Stacks ,16 Stacks,,,,25 stacks,30 stacks,,,,,
,,Cactus,,,,,Potato,,,,,Car (pink),,,,,Nutella,,,,,Wool (rainbow),,
,,,,,,,,,,,,,,,,,,,,,,,,
,,Pris,Min. Dbs,Max. Dbs,,,Pris,Min. Dbs,Max. Dbs,,,Pris,Sælgers pris,,,,Pris,Min. Dbs,Max. Dbs,,,Pris,Min. Dbs,Max. Dbs
,,,9 stacks,12 stacks,,,,10 Stacks ,12 Stacks,,,,,,,,,15 Stacks ,18 Stacks,,,,15 Stacks ,18 Stacks
,,,,,,,,,,,,,,,,,,,,,,,,
,,,,,,,,,,,,,,,,,,,,,,,,
,VV Nr. 16,,,,,VV Nr. 17,,,,,VV Nr. 18,,,,,VV Nr. 19,,,,,VV Nr. 20,,,
,,,,,,,,,,,,,,,,,,,,,,,,
,,Pig Spawner,,,,,Pikachu,,,,,Orange Monster,,,,,Jar of Gumballs,,,,,Christmas Tree,,
,,,,,,,,,,,,,,,,,,,,,,,,
,,Pris,Min. Dbs,Max. Dbs,,,Pris,Min. Dbs,Max. Dbs,,,Pris,Min. Dbs,Max. Dbs,,,Pris,Min. Dbs,Max. Dbs,,,Pris,Min. Dbs,Max. Dbs
,,,22 Stacks ,26 Stacks,,,,18 Stacks ,20 Stacks,,,,18 Stacks ,18 Stacks,,,,9 Stacks ,10 Stacks,,,,2 stacks,4 stacks
,,Chimney,,,,,Magikarp,,,,,Candy,,,,,Clown,,,,,Christmas Tree Candy,,
,,,,,,,,,,,,,,,,,,,,,,,,
,,Pris,Min. Dbs,Max. Dbs,,,Pris,Sælgers pris,,,,Pris,Sælgers pris,,,,Pris,Sælgers pris,,,,Pris,Min. Dbs,Max. Dbs
,,,25 Stacks ,30 Stacks,,,,,,,,,,,,,,,,,,,2 stacks,4 stacks
,,House,,,,,Monkey,,,,,Olaf,,,,,Bloody Alex,,,,,Jesus,,
,,,,,,,,,,,,,,,,,,,,,,,,
,,Pris,Sælgers pris,,,,Pris,Sælgers pris,,,,Pris,Sælgers pris,,,,Pris,Sælgers pris,,,,Pris,Min. Dbs,Max. Dbs
,,,,,,,,,,,,,,,,,,,,,,,10 Stacks ,12 Stacks 
,,Bush With Pink Flowers,,,,,Haybale Target,,,,,Discord,,,,,Skull,,,,,Ginger Bread,,
,,,,,,,,,,,,,,,,,,,,,,,,
,,Pris,Min. Dbs,Max. Dbs,,,Pris,Min. Dbs,Max. Dbs,,,Pris,Sælgers pris,,,,Pris,Min. Dbs,Max. Dbs,,,Pris,Sælgers pris,
,,,32 Stacks ,35 Stacks,,,,16 stacks,18 stacks,,,,,,,,,15 Stacks ,16 Stacks,,,,,
,,Tomato,,,,,Apple,,,,,Redbull,,,,,Trick or Treat Basket,,,,,Christmas Sock,,
,,,,,,,,,,,,,,,,,,,,,,,,
,,Pris,Min. Dbs,Max. Dbs,,,Pris,Sælgers pris,,,,Pris,Min. Dbs,Max. Dbs,,,Pris,Min. Dbs,Max. Dbs,,,Pris,Min. Dbs,Max. Dbs
,,,10 stacks,12 stacks,,,,,,,,,10 Stacks ,12 Stacks,,,,22 Stacks ,,,,,13 Stacks ,15 Stacks
,,,,,,,,,,,,,,,,,,,,,,,,
,,,,,,,,,,,,,,,,,,,,,,,,
,VV Nr. 21,,,,,VV Nr. 22,,,,,VV Nr. 23,,,,,VV Nr. 24,,,,,VV Nr. 25,,,
,,,,,,,,,,,,,,,,,,,,,,,,
,,White Monster,,,,,Chick,,,,,Mickey Mouse,,,,,Reddit,,,,,Deadpool,,
,,,,,,,,,,,,,,,,,,,,,,,,
,,Pris,Min. Dbs,Max. Dbs,,,Pris,Min. Dbs,Max. Dbs,,,Pris,Sælgers pris,,,,Pris,Sælgers pris,,,,Pris,Sælgers pris,
,,,17 Stacks ,19 Stacks,,,,16 stacks,18 stacks,,,,,,,,,,,,,,,
,,Amethyst Gem,,,,,TikTok,,,,,Orange,,,,,Patrick,,,,,Joker,,
,,,,,,,,,,,,,,,,,,,,,,,,
,,Pris,Min. Dbs,Max. Dbs,,,Pris,Sælgers pris,,,,Pris,Min. Dbs,Max. Dbs,,,Pris,Sælgers pris,,,,Pris,Sælgers pris,
,,,15 stacks,19 stacks,,,,,,,,,12 Stacks ,14 Stacks,,,,,,,,,,
,,Alex Plushie,,,,,Youtube,,,,,Naruto Uzumaki,,,,,Spongebob,,,,,Bowser,,
,,,,,,,,,,,,,,,,,,,,,,,,
,,Pris,Sælgers pris,,,,Pris,Min. Dbs,Max. Dbs,,,Pris,Sælgers pris,,,,Pris,Sælgers pris,,,,Pris,Min. Dbs,Max. Dbs
,,,,,,,,36 stacks ,40 stacks ,,,,,,,,,,,,,,9 Stacks ,12 Stacks
,,End crystal orb,,,,,Easter Egg,,,,,Hooded Slime,,,,,Squidward Tentacles,,,,,Stormtrooper,,
,,,,,,,,,,,,,,,,,,,,,,,,
,,Pris,Sælgers pris,,,,Pris,Min. Dbs,Max. Dbs,,,Pris,Min. Dbs,Max. Dbs,,,Pris,Min. Dbs,Max. Dbs,,,Pris,Min. Dbs,Max. Dbs
,,,,,,,,15 Stacks ,16 Stacks,,,,27 Stacks ,30 Stacks,,,,19 Stacks ,22 Stacks,,,,14 Stacks ,16 Stacks
,,Crystal Block,,,,,TNT,,,,,Clownfish,,,,,Twitch,,,,,Shrek,,
,,,,,,,,,,,,,,,,,,,,,,,,
,,Pris,Sælgers pris,,,,Pris,Sælgers pris,,,,Pris,Min. Dbs,Max. Dbs,,,Pris,Min. Dbs,Max. Dbs,,,Pris,Sælgers pris,
,,,,,,,,,,,,,11 Stacks ,13 Stacks,,,,25 Stacks ,28 Stacks,,,,,
,,,,,,,,,,,,,,,,,,,,,,,,
,,,,,,,,,,,,,,,,,,,,,,,,
,VV Nr. 26,,,,,VV Nr. 27,,,,,VV Nr. 28,,,,,VV Nr. 29,,,,,VV Nr. 30,,,
,,,,,,,,,,,,,,,,,,,,,,,,
,,Frog,,,,,Boo,,,,Kalender Heads (rød),,,,,,Playstation,,,,,Youtube,,
,,,,,,,,,,,,,,,,,,,,,,,,
,,Pris,Der droppede ingen,,,,Pris,Sælgers pris,,,,,,,,,Pris,Sælgers pris,,,,Pris,Min. Dbs,Max. Dbs
,,,,,,,,,,,,,,,,,,,,,,,36 Stacks ,40 Stacks 
,,Mike Wazowski,,,,,Pennywise,,,,,,,,,,Xbox,,,,,TV Head,,
,,,,,,,,,,,,,,,,,,,,,,,,
,,Pris,Sælgers pris,,,,Pris,Sælgers pris,,,,,,,,,Pris,Sælgers pris,,,,Pris,Sælgers pris,
,,,,,,,,,,,,,,,,,,,,,,,,
,,Crafting Table,,,,,Alex in a bottle,,,,,,,,,,Bookshelf,,,,,Shaggy Rogers,,
,,,,,,,,,,,,,,,,,,,,,,,,
,,Pris,Sælgers pris,,,,Pris,Min. Dbs,Max. Dbs,,,,,,,,Pris,Min. Dbs,Max. Dbs,,,Pris,Sælges pris,
,,,,,,,,10 Stacks ,12 Stacks,,,,,,,,,17 Stacks ,19 Stacks,,,,,
,,Donald Duck,,,,,Cyborg Pig,,,,,,,,,,Wooden crate,,,,,Scooby doo,,
,,,,,,,,,,,,,,,,,,,,,,,,
,,Pris,Sælgers pris,,,,Pris,Min. Dbs,Max. Dbs,,,,,,,,Pris,Sælgers pris,,,,Pris,Sælgers pris,
,,,,,,,,10 Stacks ,12 Stacks,,,,,,,,,,,,,,,
,,Beachball,,,,,Skeleton plushie,,,,,,,,,,Barrier,,,,,Velma,,
,,,,,,,,,,,,,,,,,,,,,,,,
,,Pris,Sælgers pris,,,,Pris,Der droppede ingen,,,,,,,,,Pris,Min. Dbs,Max. Dbs,,,Pris,Sælgers pris,
,,,,,,,,,,,,,,,,,,8 Stacks ,10 Stacks,,,,,
,,,,,,,,,,,,,,,,,,,,,,,,
,,,,,,,,,,,,,,,,,,,,,,,,
,VV Nr. 31,,,,,VV Nr. 32,,,,,VV Nr. 33,,,,,VV Nr. 34,,,,,VV Nr. 35,,,
,,,,,,,,,,,,,,,,,,,,,,,,
,,Tian Shinhan,,,,,Red Monster Energy,,,,,Panda Bear,,,,,2012 Minecon Pickaxe,,,,,Merry Marauder,,
,,,,,,,,,,,,,,,,,,,,,,,,
,,Pris,Sælgers pris,,,,Pris,Min. Dbs,Max. Dbs,,,Pris,Sælgers pris,,,,Pris,Sælgers pris,,,,Pris,Sælgers pris,
,,,,,,,,10 stacks,12 stacks,,,,,,,,,,,,,,,
,,Master Roshi,,,,,Purple Monster Energy,,,,,Red Panda Bear,,,,,2016 Minecon Enderman,,,,,Skull Trooper,,
,,,,,,,,,,,,,,,,,,,,,,,,
,,Pris,Min. Dbs,Max. Dbs,,,Pris,Min. Dbs,Max. Dbs,,,Pris,Sælgers pris,,,,Pris,Sælgers pris,,,,Pris,Min. Dbs,Max. Dbs
,,,5 stacks,8 stacks,,,,12 stacks,14 stacks,,,,,,,,,,,,,,10 Stacks ,12 Stacks
,,Frieza,,,,,Yellow Monster Energy,,,,,Tiger,,,,,2013 Minecon Piston,,,,,Burgie,,
,,,,,,,,,,,,,,,,,,,,,,,,
,,Pris,Min. Dbs,Max. Dbs,,,Pris,Sælgers pris,,,,Pris,Sælgers pris,,,,Pris,Droppede ingen,,,,Pris,Sælgers pris,
,,,6 Stacks ,8 Stacks,,,,,,,,,,,,,,,,,,,,
,,Piccolo,,,,,Cyan Monster Energy,,,,,Lion,,,,,2011 Minecon Creeper,,,,,Raptor,,
,,,,,,,,,,,,,,,,,,,,,,,,
,,Pris,Min. Dbs,Max. Dbs,,,Pris,Sælgers pris,,,,Pris,Min. Dbs,Max. Dbs,,,Pris,Sælgers pris,,,,Pris,Sælgers pris,
,,,7 Stacks ,8 stacks,,,,,,,,,10 Stacks ,12 Stacks,,,,,,,,,,
,,Vegeta,,,,,Green Monster Energy,,,,,Yorkie,,,,,Iron Golem,,,,,Black Knight,,
,,,,,,,,,,,,,,,,,,,,,,,,
,,Pris,Min. Dbs,Max. Dbs,,,Pris,Sælgers pris,,,,Pris,Droppede ikke,,,,Pris,Sælgers pris,,,,Pris,Sælgers pris,
,,,7 Stacks ,8 stacks,,,,,,,,,,,,,,,,,,,,
,,,,,,,,,,,,,,,,,,,,,,,,
,,,,,,,,,,,,,,,,,,,,,,,,
,VV Nr. 36,,,,,VV Nr. 37,,,,,VV Nr. 38,,,,,VV Nr. 39,,,,,VV Nr. 40,,,
,,,,,,,,,,,,,,,,,,,,,,,,
,Kalender Heads (grøn),,,,,,Thor,,,,,Pickle Rick,,,,,Fizz,,,,,Duffman,,
,,,,,,,,,,,,,,,,,,,,,,,,
,,,,,,,Pris,Sælgers pris,,,,Pris,Droppede ikke i vven ,,,,Pris,Min. Dbs,Max. Dbs,,,Pris,Min. Dbs,Max. Dbs
,,,,,,,,,,,,,,,,,,2 stacks,5 stacks,,,,5 Stacks ,7 Stakcs 
,,,,,,,Iron man,,,,,Morty,,,,,Ahri,,,,,Krusty the Clown,,
,,,,,,,,,,,,,,,,,,,,,,,,
,,,,,,,Pris,Sælgers pris,,,,Pris,Sælgers pris,,,,Pris,Sælgers pris ,,,,Pris,Sælgers pris ,
,,,,,,,,,,,,,,,,,,,,,,,,
,,,,,,,Captain America,,,,,Rick,,,,,Wukong,,,,,Charles Montgomery Burns,,
,,,,,,,,,,,,,,,,,,,,,,,,
,,,,,,,Pris,Sælgers pris,,,,Pris,Sælgers pris,,,,Pris,Min. Dbs,Max. Dbs,,,Pris,Min. Dbs,Max. Dbs
,,,,,,,,,,,,,,,,,,8 stacks,10 stacks,,,,5 Stacks ,7 Stacks
,,,,,,,Hawkeye,,,,,Mr. Meeseeks,,,,,Teemo,,,,,Itchy,,
,,,,,,,,,,,,,,,,,,,,,,,,
,,,,,,,Pris,Sælgers pris,,,,Pris,Sælgers pris,,,,Pris,Sælgers pris,,,,Pris,Sælgers pris,
,,,,,,,,,,,,,,,,,,,,,,,,
,,,,,,,Black Widow,,,,,Mr. Meeseeks box,,,,,Cho'Gath ,,,,,Scratchy,,
,,,,,,,,,,,,,,,,,,,,,,,,
,,,,,,,Pris,Sælgers pris,,,,Pris,Sælgers pris,,,,Pris,Sælgers pris,,,,Pris,Sælgers pris,
,,,,,,,,,,,,,,,,,,,,,,,,
,,,,,,,,,,,,,,,,,,,,,,,,
,,,,,,,,,,,,,,,,,,,,,,,,
,VV Nr. 41,,,,,VV Nr. 42,,,,,VV Nr. 43,,,,,VV Nr. 44,,,,,,,,
,,,,,,,,,,,,,,,,,,,,,,,,
,,Baby Sheep (red),,,,,Blue King,,,,,Villager Pirate,,,,,Redstone Lamp (on),,,,,,,
,,,,,,,,,,,,,,,,,,,,,,,,
,,Pris,Sælgers pris,,,,Pris,Min. Dbs,Max. Dbs,,,Pris,Min. Dbs,Max. Dbs,,,Pris,Min. Dbs,Max. Dbs,,,,,
,,,,,,,,5 stacks ,8 stacks ,,,,5 Stacks,8 Stacks,,,,Dropper stadig pris uviden,,,,,,
,,Blue Toaster,,,,,Elite Barbarian,,,,,Pirate Creeper,,,,,Piston,,,,,,,
,,,,,,,,,,,,,,,,,,,,,,,,
,,Pris,Min. Dbs,Max. Dbs,,,Pris,Min. Dbs,Max. Dbs,,,Pris,Min. Dbs,Max. Dbs,,,Pris,Min. Dbs,Max. Dbs,,,,,
,,,6 Stacks ,7 Stacks,,,,5 stacks ,8 stacks ,,,,5 Stacks ,8 Stacks,,,,Dropper stadig pris uviden,,,,,,
,,Snorlax,,,,,Mini P.E.K.K.A,,,,,Golden Pirate Skeleton,,,,,Sticky Piston,,,,,,,
,,,,,,,,,,,,,,,,,,,,,,,,
,,Pris,Sælgers pris,,,,Pris,Min. Dbs,Max. Dbs,,,Pris,Min. Dbs,Max. Dbs,,,Pris,Min. Dbs,Max. Dbs,,,,,
,,,,,,,,5 stacks ,8 stacks ,,,,5 Stacks ,8 Stacks ,,,,Dropper stadig pris uviden,,,,,,
,,Sverige,,,,,Barbarian King,,,,,Pirate Captain ,,,,,Redstone Block,,,,,,,
,,,,,,,,,,,,,,,,,,,,,,,,
,,Pris,Sælgers pris,,,,Pris,Min. Dbs,Max. Dbs,,,Pris,Min. Dbs,Max. Dbs,,,Pris,Min. Dbs,Max. Dbs,,,,,
,,,,,,,,5 stacks ,8 stacks ,,,,5 Stacks ,8 Stacks ,,,,Dropper stadig pris uviden,,,,,,
,,Pokeball,,,,,Hog Rider,,,,,Pirate Boy,,,,,Observer,,,,,,,
,,,,,,,,,,,,,,,,,,,,,,,,
,,Pris,Min. Dbs,Max. Dbs,,,Pris,Min. Dbs,Max. Dbs,,,Pris,Min. Dbs,Max. Dbs,,,Pris,Min. Dbs,Max. Dbs,,,,,
,,,8 Stacks ,10 Stacks,,,,6 stacks ,9 stacks ,,,,5 Stacks ,8 Stacks ,,,,Dropper stadig pris uviden,,,,,,